x,y,z
-2.9999740598363536, 60.00000041109929, 7162.235941827973
-2.9973770608969272, 60.000041537205306, 7161.561324376561
-2.9947741349855463, 60.00008269542469, 7160.883624618782
-2.9921652507393954, 60.00012388587833, 7160.202819162675
-2.9895503765358047, 60.00016510868806, 7159.518884368259
-2.986929480489347, 60.000206363976474, 7158.831796344139
-2.9843025304488395, 60.00024765186696, 7158.141530944073
-2.981669493994355, 60.000288972483816, 7157.448063763492
-2.9790303384341326, 60.00033032595212, 7156.751370135939
-2.976385030801497, 60.00037171239786, 7156.051425129454
-2.9737335378517074, 60.000413131947816, 7155.34820354292
-2.971075826058756, 60.00045458472983, 7154.641679902308
-2.968411861612135, 60.000496070872394, 7153.931828456904
-2.9657416104135494, 60.00053759050495, 7153.21862317543
-2.963065038073575, 60.00057914375791, 7152.502037742127
-2.9603821099082857, 60.00062073076255, 7151.7820455527535
-2.9576927909358064, 60.00066235165106, 7151.058619710531
-2.954997045872845, 60.00070400655659, 7150.331733022008
-2.9522948391311394, 60.00074569561321, 7149.601357992853
-2.9495861348138743, 60.00078741895588, 7148.867466823584
-2.946870896712048, 60.0008291767206, 7148.130031405217
-2.9441490883007617, 60.0008709690443, 7147.389023314831
-2.941420672735481, 60.000912796064846, 7146.644413811078
-2.938685612848214, 60.00095465792117, 7145.896173829586
-2.9359438711436545, 60.000996554753144, 7145.144273978302
-2.933195409795255, 60.00103848670163, 7144.388684532751
-2.9304401906412454, 60.00108045390855, 7143.629375431198
-2.9276781751805823, 60.0011224565168, 7142.866316269732
-2.924909324568851, 60.0011644946704, 7142.099476297275
-2.9221335996140887, 60.00120656851433, 7141.328824410471
-2.9193509607725465, 60.00124867819465, 7140.554329148513
-2.916561368144406, 60.00129082385846, 7139.77595868787
-2.913764781469404, 60.00133300565403, 7138.993680836905
-2.9109611601223984, 60.001375223730655, 7138.207463030407
-2.9081504631088673, 60.001417478238785, 7137.417272324028
-2.905332649060345, 60.0014597693299, 7136.623075388606
-2.902507676229766, 60.00150209715671, 7135.824838504396
-2.899675502486748, 60.00154446187294, 7135.022527555185
-2.8968360853128083, 60.00158686363357, 7134.216108022306
-2.8939893817964966, 60.00162930259475, 7133.405544978546
-2.8911353486284463, 60.00167177891372, 7132.590803081915
-2.8882739420963452, 60.001714292748986, 7131.771846569345
-2.8854051180798423, 60.00175684426021, 7130.948639250222
-2.882528832045354, 60.00179943360836, 7130.121144499836
-2.879645039040805, 60.00184206095548, 7129.289325252681
-2.8767536936902602, 60.00188472646499, 7128.453143995649
-2.8738547501884955, 60.001927430301485, 7127.612562761077
-2.8709481622954622, 60.001970172630855, 7126.767543119684
-2.8680338833306744, 60.0020129536203, 7125.918046173347
-2.8651118661674855, 60.0020557734383, 7125.064032547762
-2.8621820632272934, 60.002098632254715, 7124.2054623849535
-2.8592444264736354, 60.00214153024056, 7123.342295335647
-2.8562989074061913, 60.00218446756833, 7122.474490551479
-2.8533454570546843, 60.00222744441191, 7121.602006677076
-2.8503840259726787, 60.00227046094636, 7120.724801841966
-2.8474145642312827, 60.002313517348384, 7119.842833652339
-2.844437021412739, 60.00235661379591, 7118.956059182642
-2.8414513466039026, 60.00239975046839, 7118.064434967017
-2.838457488389617, 60.00244292754666, 7117.167916990553
-2.8354553948459778, 60.00248614521301, 7116.266460680387
-2.83244501353348, 60.00252940365126, 7115.36002089662
-2.8294262914900408, 60.0025727030466, 7114.448551923038
-2.8263991752239197, 60.002616043585846, 7113.532007457669
-2.8233636107065, 60.00265942545731, 7112.610340603148
-2.820319543364952, 60.002702848850774, 7111.683503856863
-2.817266918074776, 60.002746313957665, 7110.7514491009415
-2.8142056791522148, 60.00278982097088, 7109.814127591997
-2.811135770346518, 60.002833370085064, 7108.871489950698
-2.8080571348320866, 60.00287696149636, 7107.9234861510995
-2.804969715200474, 60.00292059540259, 7106.970065509765
-2.801873453452254, 60.002964272003254, 7106.011176674675
-2.798768290988731, 60.003007991499466, 7105.046767613891
-2.795654168603515, 60.00305175409405, 7104.07678560399
-2.7925310264739416, 60.00309555999159, 7103.101177218267
-2.789398804152335, 60.00313940939833, 7102.119888314672
-2.7862574405571334, 60.00318330252235, 7101.132864023524
-2.7831068739638165, 60.00322723957349, 7100.140048734931
-2.7799470419957117, 60.00327122076339, 7099.141386085971
-2.776777881614599, 60.0033152463055, 7098.136818947595
-2.773599329111172, 60.00335931641502, 7097.126289411246
-2.770411320095308, 60.00340343130924, 7096.109738775198
-2.767213789486165, 60.003447591207205, 7095.087107530595
-2.764006671502085, 60.003491796329754, 7094.058335347206
-2.760789899650334, 60.003536046899924, 7093.02336105885
-2.7575634067166366, 60.00358034314253, 7091.982122648525
-2.7543271247545005, 60.00362468528452, 7090.934557233195
-2.751080985074385, 60.00366907355469, 7089.880601048268
-2.747824918232615, 60.003713508183964, 7088.820189431712
-2.7445588540201236, 60.00375798940538, 7087.753256807827
-2.741282721450969, 60.00380251745399, 7086.679736670675
-2.737996448750616, 60.00384709256702, 7085.599561567106
-2.7346999633440263, 60.00389171498376, 7084.51266307945
-2.7313931918435035, 60.0039363849458, 7083.418971807789
-2.728076060036297, 60.00398110269687, 7082.318417351843
-2.7247484928719845, 60.00402586848291, 7081.2109282924475
-2.721410414449594, 60.00407068255214, 7080.096432172617
-2.7180617480044837, 60.00411554515509, 7078.974855478162
-2.714702415894967, 60.00416045654458, 7077.846123617877
-2.7113323395886635, 60.00420541697589, 7076.710160903283
-2.7079514396486, 60.00425042670655, 7075.56689052787
-2.7045596357190185, 60.004295485996536, 7074.4162345459
-2.7011568465109175, 60.00434059510833, 7073.258113850699
-2.6977429897872875, 60.00438575430689, 7072.092448152437
-2.694317982348071, 60.00443096385965, 7070.9191559554065
-2.6908817400148033, 60.004476224036615, 7069.738154534746
-2.687434177614949, 60.00452153511041, 7068.549359912635
-2.683975208965936, 60.00456689735627, 7067.352686833907
-2.680504746858828, 60.00461231105208, 7066.148048741109
-2.6770227030417044, 60.00465777647839, 7064.93535774892
-2.673528988202672, 60.004703293918496, 7063.714524618012
-2.670023511952537, 60.004748863658556, 7062.485458728229
-2.6665061828071135, 60.00479448598746, 7061.248068051161
-2.6629769081691737, 60.00484016119691, 7060.002259122017
-2.659435594309999, 60.004885889581566, 7058.747937010829
-2.6558821463505784, 60.004931671439024, 7057.485005292954
-2.652316468242377, 60.0049775070698, 7056.213366018836
-2.6487384627477195, 60.005023396777524, 7054.932919683026
-2.6451480314197497, 60.00506934086883, 7053.643565192441
-2.641545074581958, 60.005115339653436, 7052.345199833823
-2.637929491307278, 60.0051613934443, 7051.037719240377
-2.634301179396725, 60.00520750255742, 7049.721017357577
-2.6306600353575824, 60.00525366731223, 7048.39498640812
-2.6270059543811115, 60.00529988803135, 7047.059516855954
-2.6233388303197542, 60.00534616504072, 7045.714497369431
-2.6196585556638743, 60.00539249866975, 7044.3598147834855
-2.615965021517956, 60.005438889251266, 7042.99535406085
-2.6122581175762845, 60.005485337121556, 7041.620998252268
-2.608537732098097, 60.00553184262047, 7040.236628455672
-2.604803751882157, 60.005578406091466, 7038.842123774296
-2.601056062240782, 60.005625027881734, 7037.437361273692
-2.597294546973263, 60.00567170834208, 7036.0222159376
-2.593519088338706, 60.00571844782709, 7034.596560622674
-2.5897295670282428, 60.00576524669527, 7033.160266011991
-2.5859258621366012, 60.00581210530886, 7031.7132005673075
-2.582107851133031, 60.0058590240342, 7030.255230480052
-2.5782754098315577, 60.00590600324152, 7028.786219620985
-2.5744284123605587, 60.00595304330522, 7027.306029488504
-2.5705667311316023, 60.00600014460377, 7025.814519155517
-2.5666902368075797, 60.006047307519935, 7024.311545214896
-2.56279879827009, 60.00609453244066, 7022.796961723401
-2.558892282586037, 60.00614181975725, 7021.270620144076
-2.5549705549734476, 60.00618916986549, 7019.7323692870195
-2.551033478766472, 60.00623658316562, 7018.182055248534
-2.5470809153795355, 60.006284060062306, 7016.619521348535
-2.54311272427065, 60.00633160096506, 7015.044608066227
-2.5391287629037955, 60.00637920628794, 7013.457152973928
-2.5351288867104302, 60.0064268764499, 7011.856990669026
-2.5311129490500397, 60.00647461187469, 7010.243952704
-2.527080801169706, 60.00652241299102, 7008.617867514383
-2.5230322921627057, 60.00657028023256, 7006.978560344707
-2.518967268926046, 60.00661821403828, 7005.325853172234
-2.5148855761169657, 60.00666621485216, 7003.6595646284895
-2.510787056108334, 60.00671428312361, 7001.979509918498
-2.506671548942931, 60.006762419307314, 7000.285500737612
-2.502538892286567, 60.00681062386355, 6998.577345185898
-2.498388921379998, 60.00685889725806, 6996.85484767994
-2.494221468989622, 60.00690723996226, 6995.117808862019
-2.490036365356906, 60.00695565245342, 6993.366025506553
-2.4858334381464835, 60.007004135214565, 6991.599290423688
-2.48161251239293, 60.00705268873476, 6989.817392359959
-2.47737341044613, 60.00710131350916, 6988.020115895918
-2.473115951915195, 60.00715001003903, 6986.207241340573
-2.46883995361093, 60.00719877883203, 6984.378544622612
-2.464545229486739, 60.007247620402154, 6982.53379717818
-2.460231590577963, 60.007296535269994, 6980.672765835183
-2.4558988449395884, 60.00734552396271, 6978.795212693924
-2.4515467975822696, 60.00739458701426, 6976.9008950039815
-2.4471752504066124, 60.007443724965555, 6974.98956503714
-2.4427840021356526, 60.00749293836449, 6973.060969956262
-2.438372848245495, 60.00754222776608, 6971.114851679952
-2.4339415808940066, 60.007591593732684, 6969.1509467428
-2.4294899888475663, 60.00764103683404, 6967.16898615111
-2.425017857405727, 60.00769055764753, 6965.168695233873
-2.4205249683237873, 60.00774015675815, 6963.1497934888375
-2.4160110997331437, 60.00778983475884, 6961.111994423464
-2.4114760260594132, 60.00783959225057, 6959.055005390614
-2.406919517938179, 60.00788942984233, 6956.978527418665
-2.4023413421283206, 60.007939348151616, 6954.882255035949
-2.397741261422846, 60.007989347804305, 6952.765876089188
-2.3931190345571074, 60.008039429435044, 6950.629071555759
-2.3884744161143407, 60.008089593687174, 6948.471515349483
-2.383807156428398, 60.00813984121316, 6946.292874119712
-2.3791170014836274, 60.008190172674674, 6944.092807043429
-2.3744036928117422, 60.00824058874265, 6941.870965610064
-2.369666967385588, 60.00829109009775, 6939.626993398727
-2.3649065575097126, 60.00834167743029, 6937.360525847561
-2.3601221907076146, 60.008392351440556, 6935.0711900148635
-2.355313589605514, 60.008443112839124, 6932.758604331616
-2.3504804718125705, 60.00849396234687, 6930.422378345112
-2.3456225497973846, 60.00854490069526, 6928.062112453232
-2.340739530760634, 60.00859592862667, 6925.677397629014
-2.3358311165037366, 60.00864704689448, 6923.267815135087
-2.330897003293345, 60.00869825626342, 6920.832936227509
-2.3259368817215385, 60.00874955750979, 6918.372321848556
-2.3209504365615516, 60.00880095142159, 6915.885522307996
-2.315937346618837, 60.00885243879901, 6913.372076952277
-2.3108972845773237, 60.008904020454445, 6910.831513821173
-2.3058299168406298, 60.00895569721298, 6908.263349291231
-2.3007349033680886, 60.009007469912525, 6905.6670877055
-2.295611897505313, 60.00905933940418, 6903.0422209888475
-2.290460545809167, 60.00911130655249, 6900.388228248276
-2.285280487866817, 60.009163372235804, 6897.70457535746
-2.2800713561087114, 60.00921553734651, 6894.990714524836
-2.274832775615181, 60.009267802791484, 6892.246083844443
-2.2695643639164302, 60.00932016949237, 6889.470106828698
-2.2642657307856315, 60.009372638385756, 6886.662191922266
-2.2589364780248262, 60.00942521042383, 6883.821731996074
-2.2535761992433594, 60.00947788657452, 6880.9481038205795
-2.2481844796284944, 60.009530667822034, 6878.040667517206
-2.2427608957079053, 60.009583555167026, 6875.098765986946
-2.2373050151036646, 60.00963654962727, 6872.121724314942
-2.231816396277402, 60.009689652237924, 6869.108849149916
-2.226294588266204, 60.00974286405187, 6866.059428057113
-2.2207391304088833, 60.00979618614041, 6862.972728843505
-2.215149552062158, 60.009849619593545, 6859.847998853767
-2.20952537230633, 60.00990316552044, 6856.684464235575
-2.2038660996399533, 60.009956825050004, 6853.481329172648
-2.19817123166301, 60.01001059933121, 6850.237775083786
-2.1924402547480755, 60.01006448953394, 6846.952959786241
-2.186672643698915, 60.010118496849195, 6843.626016621408
-2.1808678613959134, 60.01017262248979, 6840.2560535409175
-2.175025358427769, 60.01022686769097, 6836.842152150985
-2.1691445727087255, 60.01028123371093, 6833.383366712708
-2.16322492908075, 60.01033572183145, 6829.878723095986
-2.157265838899872, 60.01039033335863, 6826.327217684463
-2.1512666996059333, 60.01044506962327, 6822.727816228787
-2.145226894274945, 60.01049993198199, 6819.079452645274
-2.1391457911532292, 60.01055492181747, 6815.381027756987
-2.133022743172386, 60.01061004053955, 6811.631407973818
-2.1268570874441766, 60.01066528958573, 6807.829423908194
-2.120648144734299, 60.010720670422096, 6803.97386892264
-2.114395218913989, 60.010776184544156, 6800.0634976052
-2.108097596388309, 60.01083183347761, 6796.097024168538
-2.101754545499925, 60.01088761877933, 6792.073120768115
-2.09536531590709, 60.01094354203801, 6787.990415734639
-2.0889291379345125, 60.010999604875515, 6783.847491715638
-2.0824452218956315, 60.01105580894756, 6779.642883720539
-2.0759127573847906, 60.011112155944836, 6775.375077063385
-2.069330912537725, 60.011168647593976, 6771.042505196839
-2.0626988332585547, 60.0112252856589, 6766.643547430593
-2.0560156424115474, 60.01128207194173, 6762.176526526985
-2.0492804389756234, 60.01133900828406, 6757.639706165888
-2.0424922971595643, 60.011396096568205, 6753.031288270521
-2.035650265475704, 60.01145333871855, 6748.3494101851
-2.028753365769703, 60.01151073670281, 6743.592141694611
-2.0218005922039497, 60.0115682925334, 6738.757481876256
-2.014790910191832, 60.011626008269076, 6733.843355771271
-2.0077232552800557, 60.011683886016364, 6728.847610865013
-2.0005965319758814, 60.011741927931084, 6723.768013362172
-1.9934096125160523, 60.011800136220074, 6718.602244243034
-1.9861613355738423, 60.01185851314295, 6713.347895085487
-1.9788505049004812, 60.01191706101397, 6708.002463636309
-1.971475887896918, 60.01197578220381, 6702.563349113909
-1.9640362141115733, 60.01203467914149, 6697.027847223182
-1.956530173659449, 60.0120937543167, 6691.3931448616
-1.9489564155575871, 60.01215301028176, 6685.656314493856
-1.9413135459715316, 60.01221244965394, 6679.814308170464
-1.933600126366987, 60.01227207511788, 6673.863951163577
-1.9258146715605042, 60.01233188942796, 6667.801935191046
-1.9179556476624608, 60.012391895411085, 6661.624811197033
-1.9100214699051576, 60.012452095969245, 6655.328981654897
-1.9020105003482106, 60.01251249408261, 6648.910692354753
-1.893921045452879, 60.01257309281226, 6642.366023634899
-1.885751353516209, 60.01263389530361, 6635.690881012383
-1.877499611955194, 60.012694904789534, 6628.8809851639335
-1.8691639444303159, 60.012756124594006, 6621.931861203838
-1.8607424077969423, 60.0128175581358, 6614.8388272002585
-1.8522329888720994, 60.01287920893224, 6607.596981865855
-1.8436336010030607, 60.012941080603376, 6600.201191352336
-1.8349420804230117, 60.01300317687632, 6592.646075071525
-1.8261561823777879, 60.013065501589665, 6584.925990457917
-1.8172735770062487, 60.01312805869832, 6577.035016578967
-1.808291844955278, 60.013190852278676, 6568.96693648978
-1.7992084727087032, 60.01325388653391, 6560.715218218159
-1.7900208476074988, 60.013317165799535, 6552.272994253883
-1.780726252536552, 60.0133806945495, 6543.633039402727
-1.7713218602509146, 60.01344447740249, 6534.787746850555
-1.7618047273119128, 60.0135085191287, 6525.729102265937
-1.752171787600579, 60.013572824656706, 6516.448655750646
-1.7424198453727286, 60.01363739908147, 6506.937491425922
-1.7325455678164212, 60.01370224767198, 6497.186194418162
-1.7225454770685986, 60.013767375879944, 6487.184814980275
-1.7124159416433105, 60.01383278934882, 6476.922829454022
-1.702153167218965, 60.01389849392356, 6466.389097743351
-1.691753186726575, 60.013964495660794, 6455.571816929016
-1.681211849674751, 60.01403080083979, 6444.458470609105
-1.6705248106402721, 60.01409741597443, 6433.035773498471
-1.659687516845281, 60.01416434782546, 6421.289610760824
-1.6486951947333415, 60.014231603413975, 6409.204971479519
-1.6375428354467194, 60.01429919003586, 6396.765875595542
-1.6262251790960527, 60.014367115276876, 6383.955293551913
-1.614736697700932, 60.014435387029565, 6370.755057781167
-1.6030715766655597, 60.01450401351051, 6357.145765054065
-1.5912236946373803, 60.01457300327964, 6343.106668570769
-1.5791866015780471, 60.01464236526063, 6328.61555851705
-1.566953494854989, 60.01471210876282, 6313.648629623776
-1.5545171931377348, 60.01478224350517, 6298.180334053331
-1.5418701078555943, 60.0148527796419, 6282.183217686224
-1.5290042119417162, 60.01492372779007, 6265.627737588192
-1.5159110055522382, 60.01499509905985, 6248.482058094313
-1.5025814784075653, 60.01506690508687, 6230.7118225427
-1.489006068354611, 60.01513915806777, 6212.279897213458
-1.4751746156933467, 60.01521187079825, 6193.146083465266
-1.4610763127465578, 60.01528505671521, 6173.266793393379
-1.4466996480771186, 60.015358729941944, 6152.594683538048
-1.4320323446702792, 60.015432905337875, 6131.078240224088
-1.4170612912973972, 60.015507598552865, 6108.661308977691
-1.4017724661595277, 60.01558282608636, 6085.282559104699
-1.3861508517713355, 60.0156586053525, 6060.874872874754
-1.3701803398840313, 60.01573495475147, 6035.36464677456
-1.3538436250562658, 60.01581189374802, 6008.670989892572
-1.3371220852586292, 60.015889442957395, 5980.704801577314
-1.319995647634507, 60.01596762424066, 5951.367706948616
-1.3024426372299713, 60.01604646080962, 5920.5508244786215
-1.2844396061393892, 60.01612597734282, 5888.133334500298
-1.2659611400811352, 60.01620620011387, 5853.980810895275
-1.2469796389072072, 60.0162871571337, 5817.94327004361
-1.2274650669480371, 60.01636887830831, 5779.852880984082
-1.2073846683839613, 60.01645139561398, 5739.521268124638
-1.1867026420014009, 60.01653474329191, 5696.736322113502
-1.16537976871837, 60.01661895806449, 5651.258414815778
-1.1433729841362459, 60.016704079375586, 5602.815889713401
-1.1206348870845697, 60.01679014965761, 5551.099668181759
-1.0971131736780322, 60.01687721462758, 5495.756773430742
-1.0727499848297724, 60.016965323614116, 5436.382525561601
-1.0474811535388109, 60.01705452991857, 5372.511101043141
-1.021235336748708, 60.01714489120923, 5303.604075686256
-0.9939330154554873, 60.01723646994963, 5229.036479885183
-0.9654853465583153, 60.017329333855855, 5148.079787582285
-0.9357928516271864, 60.01742355637505, 5059.8811379948
-0.9047439329026724, 60.01751921716865, 4963.437959682348
-0.8722132181367379, 60.01761640257171, 4857.56705067529
-0.8380597578215414, 60.01771520598098, 4740.867111275458
-0.8021251383274174, 60.01781572809473, 4611.673819193365
-0.7642316444505173, 60.017918076881294, 4468.006956228345
-0.7241807237755614, 60.01802236708562, 4307.510169218145
-0.6817522018828518, 60.018128718980016, 4127.386261112132
-0.636705012784148, 60.01823725591797, 3924.33545922097
-0.588780694334816, 60.018348100046325, 3694.5124800093276
-0.5377115991482929, 60.018461365273446, 3433.5326023511584
-0.4832366749702192, 60.0185771463189, 3136.579589520893
-0.42512857561258777, 60.0186955025086, 2798.698983628157
-0.3632361419193184, 60.01881643522228, 2415.3901499762505
-0.2975445490791756, 60.018939859080334, 1983.6101901471357
-0.22824946832371287, 60.019065569754645, 1503.2119477750796
-0.1558297702619617, 60.0191932159617, 978.5840176598618
-0.08108828325440136, 60.01932228826767, 419.85800067137694
-0.02644511336164737, 60.01941574313953, 5.1253417128199334
-0.026446631221155075, 60.01941574185111, 5.136895984092777
-0.02644814921212008, 60.01941574056258, 5.148451255107642
-0.026449667334553686, 60.01941573927399, 5.160007525949896
-0.02645118558846718, 60.01941573798533, 5.171564796705015
-0.026452703973871828, 60.01941573669659, 5.183123067458591
-0.026454222490778972, 60.01941573540778, 5.194682338296443
-0.026455741139199875, 60.019415734118915, 5.206242609303936
-0.02645725991914585, 60.01941573282997, 5.21780388056723
-0.026458778830628193, 60.01941573154096, 5.229366152171689
-0.026460297873658202, 60.019415730251865, 5.24092942420313
-0.026461817048247162, 60.0194157289627, 5.252493696747263
-0.026463336354406362, 60.01941572767347, 5.264058969889333
-0.026464855792147135, 60.01941572638416, 5.275625243715501
-0.02646637536148076, 60.01941572509478, 5.287192518311472
-0.02646789506241854, 60.01941572380533, 5.298760793762609
-0.026469414894971798, 60.0194157225158, 5.31033007015496
-0.026470934859151807, 60.019415721226196, 5.321900347574226
-0.026472454954969884, 60.019415719936525, 5.333471626105772
-0.026473975182437354, 60.01941571864676, 5.345043905836099
-0.026475495541565485, 60.019415717356935, 5.356617186850114
-0.026477016032365627, 60.01941571606704, 5.368191469233861
-0.026478536654849068, 60.019415714777054, 5.379766753073502
-0.026480057409027126, 60.01941571348699, 5.391343038454511
-0.02648157829491109, 60.01941571219686, 5.402920325462477
-0.026483099312512304, 60.01941571090664, 5.414498614183562
-0.02648462046184205, 60.019415709616354, 5.426077904703241
-0.02648614174291166, 60.01941570832598, 5.437658197107441
-0.026487663155732442, 60.019415707035535, 5.4492394914819835
-0.02648918470031571, 60.01941570574501, 5.460821787912571
-0.02649070637667279, 60.0194157044544, 5.472405086485134
-0.026492228184814972, 60.019415703163716, 5.483989387285375
-0.026493750124753582, 60.01941570187295, 5.495574690399111
-0.026495272196499973, 60.019415700582094, 5.507160995912613
-0.026496794400065464, 60.01941569929122, 5.518748303910788
-0.02649831673546134, 60.019415698000266, 5.530336614480022
-0.026499839202698945, 60.019415696709224, 5.541925927706358
-0.02650136180178959, 60.0194156954181, 5.553516243675611
-0.026502884532744596, 60.01941569412689, 5.5651075624735995
-0.026504407395575313, 60.0194156928356, 5.576699884186365
-0.026505930390293062, 60.01941569154424, 5.588293208899496
-0.026507453516909158, 60.01941569025283, 5.599887536698698
-0.02650897677543493, 60.01941568896134, 5.611482867670237
-0.026510500165881693, 60.01941568766976, 5.623079201899931
-0.026512023688260798, 60.0194156863781, 5.634676539473823
-0.026513547342583564, 60.019415685086365, 5.6462748804779554
-0.026515071128861336, 60.01941568379457, 5.657874224997575
-0.02651659504710543, 60.01941568250271, 5.669474573119066
-0.02651811909732719, 60.019415681210766, 5.681075924928471
-0.02651964327953793, 60.01941567991872, 5.692678280511946
-0.02652116759374901, 60.019415678626615, 5.7042816399549645
-0.02652269203997177, 60.01941567733445, 5.715886003343455
-0.02652421661821753, 60.0194156760422, 5.7274913707638015
-0.026525741328497623, 60.01941567474987, 5.7390977423017056
-0.0265272661708234, 60.01941567345746, 5.750705118043435
-0.026528791145206218, 60.019415672165, 5.762313498074464
-0.026530316251657384, 60.01941567087245, 5.773922882481403
-0.02653184149018827, 60.01941566957979, 5.785533271350295
-0.025010860530973154, 60.01941566829462, 5.792889176673043
-0.025012320151482775, 60.019415667039404, 5.781777414062721
-0.025013779898450154, 60.019415665784116, 5.770664689557073
-0.025015239771886175, 60.019415664528736, 5.759551003073296
-0.02501669977180171, 60.01941566327329, 5.748436354529158
-0.025018159898207652, 60.019415662017785, 5.737320743841969
-0.02501962015111485, 60.01941566076221, 5.726204170929724
-0.025021080530534208, 60.01941565950656, 5.715086635709051
-0.025022541036476584, 60.01941565825084, 5.703968138098173
-0.02502400166895285, 60.019415656995044, 5.69284867801406
-0.025025462427973877, 60.01941565573917, 5.681728255374364
-0.025026923313550567, 60.01941565448324, 5.670606870096968
-0.025028384325693792, 60.01941565322722, 5.659484522098499
-0.025029845464414443, 60.01941565197112, 5.648361211296953
-0.025031306729723393, 60.019415650714976, 5.637236937609642
-0.025032768121631514, 60.01941564945876, 5.626111700954107
-0.02503422964014972, 60.01941564820245, 5.614985501247203
-0.02503569128528888, 60.01941564694607, 5.60385833840704
-0.02503715305705986, 60.019415645689634, 5.592730212350817
-0.025038614955473562, 60.019415644433124, 5.581601122996072
-0.025040076980540872, 60.019415643176536, 5.570471070260008
-0.02504153913227269, 60.019415641919885, 5.55934005405982
-0.025043001410679902, 60.01941564066315, 5.548208074313165
-0.025044463815773386, 60.019415639406354, 5.537075130937354
-0.025045926347564047, 60.01941563814948, 5.525941223849701
-0.02504738900606276, 60.01941563689253, 5.514806352967748
-0.02504885179128043, 60.01941563563552, 5.503670518208577
-0.025050314703227956, 60.019415634378426, 5.492533719489733
-0.025051777741916244, 60.01941563312126, 5.481395956728298
-0.02505324090735616, 60.01941563186402, 5.470257229841815
-0.025054704199558624, 60.019415630606716, 5.459117538747712
-0.025056167618534516, 60.01941562934933, 5.447976883363075
-0.025057631164294738, 60.01941562809188, 5.436835263605444
-0.02505909483685018, 60.01941562683435, 5.425692679392019
-0.025060558636211767, 60.019415625576755, 5.414549130640115
-0.025062022562390398, 60.01941562431909, 5.403404617266931
-0.02506348661539697, 60.019415623061334, 5.392259139189555
-0.025064950795242385, 60.01941562180353, 5.381112696325869
-0.025066415101937543, 60.019415620545644, 5.369965288592732
-0.025067879535493335, 60.019415619287685, 5.358816915907458
-0.025069344095920727, 60.01941561802966, 5.347667578187136
-0.02507080878323057, 60.01941561677156, 5.336517275349194
-0.02507227359743379, 60.01941561551338, 5.325366007310943
-0.02507373853854128, 60.01941561425513, 5.314213773989474
-0.025075203606563953, 60.019415612996816, 5.303060575302214
-0.025076668801512728, 60.01941561173843, 5.291906411166477
-0.025078134123398526, 60.01941561047996, 5.280751281498897
-0.02507959957223226, 60.01941560922143, 5.26959518621713
-0.025081065148024818, 60.01941560796283, 5.258438125238376
-0.02508253085078714, 60.01941560670415, 5.247280098479611
-0.025083996680530123, 60.01941560544539, 5.236121105858148
-0.02508546263726468, 60.01941560418657, 5.224961147291419
-0.025086928721001753, 60.01941560292768, 5.21380022269628
-0.025088394931752214, 60.019415601668705, 5.202638331989937
-0.02508986126952704, 60.019415600409666, 5.19147547508959
-0.025091327734337143, 60.01941559915055, 5.1803116519122145
-0.025092794326193383, 60.01941559789136, 5.169146862375239
-0.025094261045106758, 60.0194155966321, 5.1579811063956384
-0.025095727891088132, 60.01941559537277, 5.146814383890841
-0.025097194864148433, 60.01941559411337, 5.1356466947777095
-0.02509866196429863, 60.019415592853896, 5.124478038973334
-0.025100129191549626, 60.019415591594345, 5.1133084163947995
-0.025101596545912336, 60.01941559033473, 5.1021378269594235
-0.0251030640273977, 60.019415589075045, 5.090966270584183
-0.025104531636016652, 60.019415587815274, 5.079793747185826
-0.025105999371780093, 60.01941558655544, 5.068620256682007
-0.025107467234698977, 60.019415585295526, 5.057445798989362
-0.02510893522478422, 60.019415584035556, 5.046270374025549
-0.025110403342046773, 60.0194155827755, 5.035093981706975
-0.025111871586497546, 60.019415581515375, 5.02391662195107
-0.02511333995814749, 60.019415580255185, 5.012738294674698
-0.02511480845700752, 60.019415578994916, 5.001558999795172
-0.02511627708308859, 60.01941557773457, 4.990378737229015
-0.02511774583640164, 60.01941557647416, 4.979197506893774
-0.025119214716957588, 60.01941557521367, 4.968015308706308
-0.025120683724767393, 60.01941557395312, 4.956832142583482
-0.025122152859841984, 60.01941557269248, 4.945648008442384
-0.0251236221221923, 60.01941557143177, 4.934462906199878
-0.02512509151182927, 60.019415570171006, 4.923276835773734
-0.02512656102876385, 60.019415568910155, 4.912089797079908
-0.02512803067300698, 60.019415567649226, 4.900901790035716
-0.0251295004445696, 60.01941556638824, 4.8897128145585915
-0.025130970343462646, 60.01941556512718, 4.878522870565167
-0.0251324403696971, 60.01941556386603, 4.867331957971854
-0.025133910523283877, 60.01941556260483, 4.8561400766964224
-0.02513538080423393, 60.01941556134354, 4.84494722665551
-0.025136851212558216, 60.01941556008219, 4.83375340776598
-0.025138321748267658, 60.01941555882076, 4.822558619944922
-0.025139792411373235, 60.019415557559256, 4.811362863109202
-0.025141263201885894, 60.01941555629768, 4.800166137175568
-0.02514273411981658, 60.01941555503603, 4.7889684420612255
-0.025144205165176226, 60.01941555377431, 4.77776977768281
-0.025145676337975844, 60.01941555251253, 4.766570143957528
-0.025147147638226335, 60.01941555125067, 4.755369540801901
-0.02514861906593866, 60.01941554998873, 4.744167968133022
-0.025150090621123798, 60.01941554872672, 4.732965425867866
-0.025151562303792695, 60.01941554746465, 4.721761913923073
-0.025153034113956307, 60.01941554620249, 4.710557432215506
-0.0251545060516256, 60.019415544940266, 4.699351980662369
-0.025155978116811514, 60.01941554367797, 4.688145559180075
-0.025157450309525032, 60.019415542415594, 4.676938167685713
-0.02515892262977711, 60.01941554115315, 4.665729806096149
-0.025160395077578716, 60.01941553989064, 4.654520474328019
-0.0251618676529408, 60.01941553862805, 4.643310172298304
-0.025163340355874333, 60.0194155373654, 4.632098899923866
-0.025164813186390265, 60.019415536102656, 4.620886657121345
-0.025166286144499592, 60.01941553483985, 4.609673443807605
-0.025167759230213287, 60.01941553357698, 4.598459259899512
-0.02516923244354229, 60.019415532314035, 4.587244105313702
-0.025170705784497593, 60.01941553105101, 4.576027979966927
-0.025172179253090128, 60.019415529787906, 4.564810883776282
-0.025173652849330923, 60.01941552852474, 4.55359281665806
-0.025175126573230903, 60.0194155272615, 4.542373778529585
-0.02517660042480107, 60.01941552599819, 4.53115376930704
-0.025178074404052384, 60.019415524734804, 4.519932788907517
-0.02517954851099582, 60.01941552347134, 4.5087108372475395
-0.025181022745642365, 60.01941552220781, 4.497487914243975
-0.025182497108002983, 60.019415520944214, 4.486264019813804
-0.025183971598088658, 60.019415519680535, 4.475039153873095
-0.025185446215910373, 60.019415518416785, 4.463813316339171
-0.025186920961479096, 60.019415517152964, 4.452586507128441
-0.025188395834805817, 60.01941551588907, 4.4413587261576595
-0.025189870835901535, 60.0194155146251, 4.43012997334335
-0.025191345964777182, 60.01941551336106, 4.418900248602494
-0.025192821221443767, 60.01941551209694, 4.407669551851503
-0.025194296605912273, 60.01941551083276, 4.39643788300747
-0.0251957721181937, 60.019415509568496, 4.385205241986582
-0.025197247758299013, 60.019415508304164, 4.3739716287057036
-0.025198723526239194, 60.01941550703975, 4.362737043081589
-0.025200199422025258, 60.01941550577527, 4.351501485030536
-0.025201675445668207, 60.01941550451072, 4.340264954469413
-0.025203151597178983, 60.0194155032461, 4.32902745131497
-0.025204627876568596, 60.01941550198141, 4.317788975483738
-0.025206104283848046, 60.01941550071664, 4.306549526892013
-0.02520758081902832, 60.019415499451796, 4.295309105456775
-0.025209057482120423, 60.01941549818689, 4.284067711094554
-0.025210534273135323, 60.0194154969219, 4.272825343721873
-0.025212011192083997, 60.019415495656844, 4.261582003255489
-0.02521348823897753, 60.019415494391716, 4.250337689611585
-0.025214965413826836, 60.01941549312651, 4.23909240270703
-0.025216442716642945, 60.01941549186123, 4.2278461424583496
-0.025217920147436863, 60.01941549059588, 4.216598908781958
-0.025219397706219584, 60.01941548933046, 4.205350701594611
-0.02522087539300209, 60.019415488064965, 4.194101520812719
-0.025222353207795388, 60.019415486799396, 4.182851366352925
-0.02522383115061049, 60.019415485533756, 4.171600238131755
-0.02522530922145842, 60.019415484268045, 4.16034813606551
-0.025226787420350155, 60.019415483002255, 4.149095060070831
-0.02522826574729669, 60.019415481736395, 4.137841010064471
-0.025229744202309033, 60.01941548047045, 4.1265859859626195
-0.025231222785398213, 60.01941547920443, 4.115329987681916
-0.025232701496575242, 60.01941547793835, 4.104073015138774
-0.025234180335851127, 60.0194154766722, 4.092815068249609
-0.025235659303236856, 60.01941547540598, 4.081556146931289
-0.025237138398743458, 60.019415474139684, 4.070296251099888
-0.025238617622381946, 60.01941547287332, 4.05903538067182
-0.025240096974163333, 60.01941547160688, 4.047773535563728
-0.0252415764540986, 60.01941547034037, 4.036510715692365
-0.02524305606219879, 60.019415469073785, 4.025246920973578
-0.02524453579847492, 60.01941546780712, 4.013982151324012
-0.025246015662938, 60.01941546654039, 4.002716406660192
-0.02524749565559904, 60.01941546527358, 3.99144968689842
-0.02524897577646908, 60.019415464006705, 3.9801819919552264
-0.02525045602555912, 60.01941546273975, 3.9689133217469106
-0.025251936402880204, 60.019415461472725, 3.9576436761897753
-0.025253416908443328, 60.01941546020562, 3.9463730552003473
-0.025254897542259503, 60.01941545893845, 3.9351014586952724
-0.025256378304339782, 60.01941545767121, 3.9238288865905093
-0.02525785919469518, 60.019415456403884, 3.912555338802474
-0.025259340213336708, 60.0194154551365, 3.901280815247923
-0.025260821360275403, 60.019415453869044, 3.8900053158429295
-0.025262302635522323, 60.0194154526015, 3.878728840503457
-0.02526378403908846, 60.01941545133389, 3.867451389146375
-0.025265265570984838, 60.01941545006621, 3.8561729616878715
-0.025266747231222488, 60.01941544879845, 3.84489355804425
-0.025268229019812443, 60.019415447530626, 3.833613178131925
-0.02526971093676575, 60.019415446262734, 3.822331821867314
-0.025271192982093422, 60.019415444994756, 3.8110494891663773
-0.025272675155806498, 60.019415443726714, 3.799766179945646
-0.025274157457916016, 60.019415442458595, 3.788481894121308
-0.02527563988843302, 60.0194154411904, 3.7771966316095535
-0.025277122447368527, 60.01941543992214, 3.7659103923270254
-0.02527860513473359, 60.0194154386538, 3.7546231761896873
-0.025280087950539223, 60.0194154373854, 3.7433349831140683
-0.025281570894796504, 60.019415436116915, 3.732045813016016
-0.02528305396751644, 60.01941543484834, 3.7207556658117222
-0.025284537168710076, 60.01941543357972, 3.709464541418171
-0.025286020498388462, 60.01941543231101, 3.69817243975087
-0.025287503956562644, 60.01941543104223, 3.686879360726577
-0.025288987543243695, 60.01941542977338, 3.675585304260801
-0.025290471258442596, 60.01941542850446, 3.664290270270299
-0.025291955102170433, 60.019415427235465, 3.652994258671375
-0.02529343907443821, 60.019415425966386, 3.6416972693799936
-0.02529492317525702, 60.01941542469724, 3.630399302312342
-0.025296407404637893, 60.019415423428015, 3.619100357384612
-0.025297891762591864, 60.01941542215874, 3.6078004345134502
-0.025299376249130007, 60.01941542088937, 3.596499533614363
-0.025300860864263357, 60.01941541961995, 3.5851976546041087
-0.025302345608002975, 60.01941541835044, 3.5738947973981983
-0.025303830480359918, 60.019415417080864, 3.5625909619131617
-0.025305315481345226, 60.019415415811196, 3.551286148064964
-0.02530680061096997, 60.01941541454148, 3.539980355770022
-0.025308285869245162, 60.019415413271666, 3.5286735849442987
-0.025309771256181918, 60.0194154120018, 3.5173658355039863
-0.02531125677179125, 60.01941541073185, 3.506057107365277
-0.025312742416084246, 60.01941540946183, 3.494747400443905
-0.025314228189071954, 60.01941540819174, 3.4834367146565177
-0.025315714090765436, 60.01941540692156, 3.4721250499185103
-0.02531720012117575, 60.01941540565134, 3.4608124061468706
-0.02531868628031396, 60.019415404381014, 3.4494987832567667
-0.025320172568191125, 60.019415403110635, 3.4381841811650724
-0.025321658984818318, 60.01941540184018, 3.4268685997872965
-0.02532314553020657, 60.01941540056964, 3.4155520390397456
-0.025324632204366992, 60.01941539929904, 3.4042344988384974
-0.025326119007310622, 60.01941539802836, 3.392915979099518
-0.02532760593904855, 60.0194153967576, 3.381596479738655
-0.025329092999591834, 60.019415395486774, 3.370276000672218
-0.025330580188951533, 60.01941539421586, 3.35895454181617
-0.025332067507138713, 60.01941539294489, 3.3476321030867027
-0.02533355495416446, 60.01941539167385, 3.3363086843998966
-0.02533504253003986, 60.01941539040272, 3.3249842856709195
-0.025336530234775965, 60.019415389131545, 3.3136589068168747
-0.02533801806838386, 60.019415387860285, 3.302332547752931
-0.025339506030874585, 60.019415386588925, 3.291005208395395
-0.02534099412225926, 60.01941538531752, 3.279676888660459
-0.02534248234254894, 60.019415384046034, 3.2683475884638624
-0.025343970691754716, 60.01941538277446, 3.257017307721342
-0.025345459169887678, 60.019415381502824, 3.2456860463489785
-0.02534694777695888, 60.01941538023113, 3.2343538042631916
-0.025348436512979404, 60.01941537895935, 3.2230205813794934
-0.02534992537796034, 60.01941537768749, 3.2116863776137357
-0.02535141437191277, 60.01941537641557, 3.2003511928822252
-0.025352903494847763, 60.01941537514358, 3.189015027100701
-0.02535439274677642, 60.019415373871496, 3.177677880184903
-0.025355882127709804, 60.01941537259933, 3.166339752050682
-0.02535737163765902, 60.01941537132712, 3.1550006426148007
-0.02535886127663517, 60.01941537005484, 3.1436605517920895
-0.025360351044649336, 60.01941536878247, 3.1323194794987423
-0.025361840941712576, 60.019415367510014, 3.1209774256507252
-0.02536333096783602, 60.01941536623749, 3.109634390163778
-0.02536482112303071, 60.01941536496493, 3.0982903729546627
-0.02536631140730778, 60.019415363692275, 3.086945373938097
-0.025367801820678305, 60.019415362419544, 3.075599393030274
-0.025369292363153398, 60.01941536114673, 3.064252430146934
-0.02537078303474413, 60.019415359873825, 3.052904485204044
-0.025372273835461593, 60.01941535860087, 3.0415555581175715
-0.025373764765316876, 60.01941535732786, 3.0302056488037103
-0.025375255824321118, 60.019415356054765, 3.01885475717752
-0.025376747012485396, 60.0194153547816, 3.007502883155195
-0.025378238329820803, 60.01941535350834, 2.9961500266521335
-0.02537972977633846, 60.019415352235015, 2.984796187584418
-0.02538122135204942, 60.0194153509616, 2.973441365867788
-0.02538271305696481, 60.01941534968812, 2.9620855614183257
-0.02538420489109575, 60.01941534841458, 2.9507287741516577
-0.02538569685445333, 60.01941534714099, 2.9393710039838656
-0.02538718894704867, 60.01941534586732, 2.928012250830009
-0.025388681168892854, 60.019415344593575, 2.9166525146062816
-0.025390173519996992, 60.01941534331975, 2.905291795228199
-0.025391666000372192, 60.01941534204584, 2.8939300926115017
-0.025393158610029564, 60.01941534077186, 2.882567406672157
-0.025394651348980224, 60.01941533949779, 2.871203737325452
-0.02539614421723528, 60.01941533822366, 2.859839084487584
-0.025397637214805834, 60.01941533694944, 2.8484734480740657
-0.025399130341703022, 60.01941533567516, 2.8371068280005245
-0.02540062359793793, 60.019415334400804, 2.82573922418293
-0.025402116983521687, 60.01941533312637, 2.814370636536569
-0.025403610498465377, 60.01941533185186, 2.8030010649776376
-0.025405104142780167, 60.019415330577274, 2.79163050942131
-0.025406597916477147, 60.019415329302625, 2.780258969783669
-0.025408091819567442, 60.0194153280279, 2.7688864459801144
-0.025409585852062183, 60.0194153267531, 2.757512937926389
-0.02541108001397244, 60.01941532547822, 2.7461384455380076
-0.025412574305309375, 60.01941532420327, 2.7347629687310535
-0.025414068726084107, 60.01941532292825, 2.7233865074207007
-0.02541556327630776, 60.01941532165316, 2.712009061522691
-0.02541705795599143, 60.01941532037801, 2.7006306309528814
-0.02541855276514626, 60.01941531910278, 2.6892512156266726
-0.025420047703783387, 60.01941531782748, 2.6778708154599213
-0.025421542771913917, 60.01941531655211, 2.666489430367916
-0.025423037969548982, 60.01941531527667, 2.6551070602663986
-0.025424533296699723, 60.01941531400116, 2.6437237050707716
-0.025426028753377263, 60.01941531272557, 2.6323393646967777
-0.025427524339592736, 60.01941531144987, 2.620954039059365
-0.025429020055357243, 60.01941531017411, 2.609567728074958
-0.025430515900681953, 60.01941530889828, 2.5981804316588453
-0.025432011875577965, 60.019415307622374, 2.586792149726656
-0.025433507980056443, 60.01941530634641, 2.575402882194021
-0.025435004214128507, 60.019415305070375, 2.5640126289762284
-0.02543650057780528, 60.019415303794275, 2.5526213899892487
-0.025437997071097937, 60.01941530251809, 2.541229165147917
-0.025439493694017597, 60.019415301241814, 2.5298359543676368
-0.02544099044657539, 60.01941529996546, 2.5184417575643776
-0.025442487328782463, 60.01941529868905, 2.5070465746538844
-0.025443984340649928, 60.01941529741257, 2.49565040555156
-0.02544548148218897, 60.01941529613603, 2.4842532501726926
-0.025446978753410697, 60.019415294859385, 2.4728551084325736
-0.02544847615432624, 60.01941529358267, 2.4614559802469462
-0.02544997368494681, 60.01941529230589, 2.4500558655311
-0.02545147134528349, 60.019415291029034, 2.438654764200894
-0.025452969135347444, 60.01941528975211, 2.427252676171504
-0.02545446705514983, 60.019415288475095, 2.4158496013578783
-0.025455965104701796, 60.019415287198015, 2.404445539676217
-0.025457463284014485, 60.01941528592088, 2.3930404910418095
-0.025458961593099044, 60.019415284643664, 2.381634455369833
-0.025460460031966604, 60.01941528336635, 2.370227432575691
-0.02546195860062833, 60.01941528208897, 2.3588194225750154
-0.025463457299095393, 60.019415280811536, 2.347410425283323
-0.02546495612737893, 60.01941527953402, 2.3360004406157917
-0.025466455085490086, 60.01941527825642, 2.3245894684875985
-0.02546795417344001, 60.01941527697875, 2.313177508814602
-0.02546945339123992, 60.019415275701014, 2.3017645615116376
-0.025470952738900897, 60.01941527442319, 2.290350626494452
-0.025472452216434138, 60.019415273145306, 2.2789357036784494
-0.025473951823850774, 60.01941527186736, 2.2675197929792623
-0.025475451561162005, 60.019415270589306, 2.256102894311044
-0.025476951428378962, 60.019415269311196, 2.2446850075903377
-0.025478451425512822, 60.01941526803303, 2.233266132732206
-0.02547995155257476, 60.019415266754756, 2.221846269651259
-0.025481451809575895, 60.01941526547643, 2.2104254182638106
-0.025482952196527433, 60.019415264198024, 2.199003578484585
-0.025484452713440516, 60.01941526291954, 2.187580750228987
-0.025485953360326326, 60.019415261640994, 2.176156933412649
-0.025487454137196015, 60.01941526036236, 2.164732127950409
-0.025488955044060752, 60.01941525908366, 2.153306333757785
-0.025490456080931728, 60.01941525780488, 2.141879550749843
-0.025491957247820093, 60.019415256526024, 2.1304517788419877
-0.025493458544737006, 60.01941525524712, 2.1190230179500804
-0.025494959971693675, 60.019415253968106, 2.107593267988163
-0.02549646152870125, 60.01941525268904, 2.096162528872323
-0.025497963215770914, 60.01941525140989, 2.084730800517512
-0.02549946503291384, 60.01941525013067, 2.073298082839136
-0.025500966980141197, 60.01941524885138, 2.061864375752261
-0.02550246905746414, 60.01941524757201, 2.050429679172406
-0.0255039712648939, 60.019415246292574, 2.0389939930142966
-0.025505473602441604, 60.01941524501305, 2.027557317193566
-0.02550697607011845, 60.01941524373346, 2.0161196516253934
-0.025508478667935652, 60.019415242453796, 2.00468099622439
-0.025509981395904338, 60.019415241174066, 1.993241350906645
-0.025511484254035748, 60.01941523989424, 1.9818007155863144
-0.025512987242341002, 60.01941523861436, 1.9703590901794874
-0.025514490360831314, 60.01941523733439, 1.9589164746008885
-0.025515993609517885, 60.019415236054364, 1.9474728687659257
-0.02551749698841187, 60.01941523477426, 1.936028272589438
-0.025519000497524473, 60.01941523349407, 1.9245826859867183
-0.02552050413686688, 60.019415232213824, 1.913136108872947
-0.025522007906450293, 60.01941523093349, 1.901688541162963
-0.02552351180628588, 60.0194152296531, 1.8902399827724015
-0.02552501583638483, 60.01941522837261, 1.8787904336158747
-0.025526519996758354, 60.01941522709206, 1.867339893609017
-0.02552802428741763, 60.019415225811436, 1.8558883626663276
-0.025529528708373855, 60.01941522453074, 1.8444358407034416
-0.02553103325963824, 60.01941522324998, 1.832982327635085
-0.025532537941221945, 60.01941522196912, 1.8215278233763244
-0.025534042753136203, 60.019415220688195, 1.810072327842455
-0.025535547695392187, 60.0194152194072, 1.79861584094843
-0.02553705276800112, 60.01941521812613, 1.78715836260909
-0.02553855797097416, 60.01941521684498, 1.7756998927401835
-0.025540063304322555, 60.01941521556376, 1.764240431255756
-0.02554156876805746, 60.019415214282475, 1.7527799780718971
-0.025543074362190103, 60.01941521300112, 1.7413185331031074
-0.02554458008673168, 60.01941521171967, 1.7298560962641123
-0.0255460859416934, 60.01941521043815, 1.7183926674703218
-0.025547591927086465, 60.01941520915657, 1.7069282466369173
-0.025549098042922082, 60.01941520787491, 1.6954628336782849
-0.02555060428921147, 60.01941520659316, 1.6839964285098332
-0.02555211066596582, 60.01941520531135, 1.6725290310464038
-0.025553617173196347, 60.01941520402947, 1.6610606412034055
-0.025555123810914248, 60.01941520274751, 1.649591258895225
-0.025556630579130768, 60.01941520146547, 1.6381208840368169
-0.025558137477857068, 60.01941520018337, 1.626649516543932
-0.025559644507104406, 60.01941519890119, 1.615177156330616
-0.02556115166688396, 60.019415197618926, 1.6037038033122786
-0.025562658957206972, 60.019415196336595, 1.5922294574037612
-0.025564166378084643, 60.019415195054194, 1.580754118520019
-0.0255656739295282, 60.019415193771714, 1.5692777865757803
-0.025567181611548844, 60.019415192489156, 1.5578004614862277
-0.025568689424157787, 60.01941519120653, 1.546322143166203
-0.025570197367366283, 60.01941518992382, 1.5348428315305485
-0.025571705441185505, 60.01941518864104, 1.5233625264942197
-0.025573213645626723, 60.0194151873582, 1.5118812279721718
-0.02557472198070112, 60.019415186075264, 1.5003989358790208
-0.02557623044641992, 60.01941518479225, 1.4889156501298355
-0.025577739042794374, 60.01941518350919, 1.477431370639686
-0.025579247769835688, 60.01941518222605, 1.4659460973231868
-0.02558075662755513, 60.01941518094282, 1.454459830094727
-0.025582265615963867, 60.01941517965953, 1.442972568869944
-0.025583774735073124, 60.01941517837615, 1.4314843135633397
-0.025585283984894173, 60.01941517709271, 1.4199950640898709
-0.025586793365438225, 60.01941517580918, 1.4085048203639252
-0.025588302876716516, 60.019415174525584, 1.3970135823009144
-0.02558981251874026, 60.019415173241924, 1.3855213498153411
-0.0255913222915207, 60.01941517195817, 1.3740281228220477
-0.02559283219506906, 60.019415170674364, 1.3625339012359912
-0.025594342229396577, 60.01941516939046, 1.351038684971674
-0.025595852394514496, 60.019415168106505, 1.3395424739441673
-0.02559736269043406, 60.019415166822455, 1.328045268067746
-0.025598873117166476, 60.01941516553834, 1.3165470672579354
-0.02560038367472299, 60.01941516425414, 1.305047871428784
-0.02560189436311488, 60.019415162969885, 1.2935476804955903
-0.02560340518235334, 60.019415161685544, 1.2820464943726297
-0.025604916132449612, 60.019415160401124, 1.270544312975087
-0.02560642721341497, 60.01941515911664, 1.2590411362173515
-0.02560793842526062, 60.01941515783208, 1.247536964014495
-0.02560944976799785, 60.01941515654744, 1.2360317962805665
-0.02561096124163786, 60.01941515526273, 1.2245256329310914
-0.025612472846191902, 60.01941515397794, 1.2130184738803458
-0.025613984581671252, 60.019415152693085, 1.2015103190431753
-0.025615496448087145, 60.01941515140814, 1.1900011683337415
-0.025617008445450826, 60.019415150123145, 1.1784910216675712
-0.02561852057377354, 60.01941514883804, 1.1669798789584866
-0.025620032833066523, 60.019415147552884, 1.155467740122014
-0.02562154522334103, 60.01941514626765, 1.1439546050723166
-0.025623057744608328, 60.01941514498235, 1.1324404737243532
-0.025624570396879688, 60.01941514369697, 1.120925345992401
-0.025626083180166313, 60.0194151424115, 1.1094092217911906
-0.0256275960944795, 60.01941514112599, 1.0978921010356812
-0.02562910913983049, 60.019415139840376, 1.0863739836399229
-0.025630622316230516, 60.01941513855469, 1.074854869519102
-0.025632135623690863, 60.01941513726895, 1.0633347585876094
-0.0256336490622228, 60.0194151359831, 1.051813650759609
-0.025635162631837568, 60.0194151346972, 1.0402915459505144
-0.02563667633254645, 60.01941513341123, 1.0287684440743758
-0.02563819016436065, 60.01941513212517, 1.0172443450460396
-0.0256397041272915, 60.01941513083905, 1.0057192487798967
-0.025641218221350223, 60.019415129552854, 0.9941931551906796
-0.025642732446548078, 60.01941512826657, 0.9826660641926664
-0.025644246802896363, 60.01941512698022, 0.971137975700703
-0.025645761290406334, 60.0194151256938, 0.9596088896289541
-0.025647275909089235, 60.01941512440729, 0.9480788058923796
-0.025648790658956356, 60.019415123120716, 0.9365477244054851
-0.025650305540018948, 60.01941512183408, 0.9250156450828898
-0.025651820552288283, 60.01941512054734, 0.9134825678385312
-0.025653335695775638, 60.01941511926053, 0.9019484925872563
-0.025654850970492287, 60.019415117973665, 0.8904134192440251
-0.02565636637644951, 60.01941511668674, 0.8788773477230032
-0.025657881913658587, 60.01941511539971, 0.8673402779381278
-0.025659397582130757, 60.019415114112604, 0.8558022098044739
-0.025660913381877343, 60.019415112825435, 0.8442631432362063
-0.025662429312909577, 60.01941511153821, 0.8327230781485137
-0.025663945375238764, 60.01941511025087, 0.8211820144547656
-0.025665461568876162, 60.01941510896346, 0.8096399520700371
-0.02566697789383306, 60.01941510767599, 0.7980968909089482
-0.025668494350120738, 60.01941510638845, 0.786552830885892
-0.025670010937750485, 60.019415105100855, 0.7750077719152617
-0.025671527656733577, 60.019415103813145, 0.7634617139107684
-0.025673044507081293, 60.01941510252536, 0.7519146567874877
-0.025674561488804912, 60.01941510123751, 0.7403666004600399
-0.02567607860191572, 60.019415099949605, 0.7288175448425913
-0.02567759584642501, 60.01941509866162, 0.7172674898496492
-0.02567911322234407, 60.01941509737357, 0.7057164353956072
-0.02568063072968421, 60.01941509608541, 0.6941643813939498
-0.02568214836845669, 60.019415094797175, 0.6826113277598664
-0.025683666138672807, 60.019415093508876, 0.671057274407751
-0.02568518404034384, 60.01941509222051, 0.6595022212522248
-0.02568670207348109, 60.01941509093207, 0.6479461682072272
-0.025688220238095853, 60.019415089643566, 0.6363891151871526
-0.025689738534199414, 60.01941508835499, 0.6248310621065087
-0.025691256961803077, 60.019415087066335, 0.6132720088795766
-0.025692775520918136, 60.01941508577761, 0.6017119554204092
-0.025694294211555876, 60.01941508448878, 0.590150901643288
-0.025695813033727616, 60.01941508319987, 0.5785888474624935
-0.025697331987444623, 60.01941508191088, 0.5670257927927617
-0.02569885107271823, 60.01941508062183, 0.5554617375483734
-0.025700370289559727, 60.0194150793327, 0.5438966816432692
-0.025701889637980403, 60.0194150780435, 0.5323306249920714
-0.025703409117991564, 60.01941507675423, 0.5207635675089474
-0.02570492872960454, 60.01941507546488, 0.5091955091078382
-0.025706448472830594, 60.01941507417546, 0.49762644970359327
-0.025707968347681028, 60.01941507288596, 0.48605638921015365
-0.025709488354167167, 60.01941507159639, 0.4744853275419145
-0.025711008492300305, 60.01941507030674, 0.46291326461315785
-0.025712528762091777, 60.01941506901702, 0.45134020033771105
-0.025714049163552882, 60.019415067727216, 0.43976613462996966
-0.02571556969669491, 60.019415066437354, 0.4281910674045569
-0.025717090361529207, 60.019415065147406, 0.41661499857507295
-0.02571861115806707, 60.01941506385739, 0.40503792805602756
-0.02572013208631979, 60.01941506256729, 0.3934598557615894
-0.02572165314629869, 60.01941506127711, 0.3818807816060409
-0.025723174338015065, 60.01941505998685, 0.370300705503551
-0.025724695661480276, 60.01941505869652, 0.3587196273680615
-0.02572621711670561, 60.019415057406114, 0.34713754711419603
-0.02572773870370239, 60.01941505611568, 0.335554464656351
-0.02572926042248194, 60.01941505482516, 0.323970379908014
-0.025730782273055558, 60.01941505353456, 0.31238529278358146
-0.0257323042554346, 60.01941505224388, 0.3007992031967684
-0.02573382636963037, 60.019415050953114, 0.2892121110619716
-0.02573534861565417, 60.01941504966228, 0.27762401629370165
-0.02573687099351735, 60.01941504837136, 0.26603491880567365
-0.02573839350323123, 60.019415047080344, 0.25444481851160283
-0.02573991614480713, 60.01941504578927, 0.242853715326341
-0.025741438918256376, 60.01941504449815, 0.23126160916428548
-0.02574296182359027, 60.01941504320695, 0.2196684999388107
-0.025744484860820194, 60.01941504191567, 0.20807438756408694
-0.025746008029957433, 60.0194150406243, 0.19647927195417075
-0.025747531331013325, 60.019415039332856, 0.18488315302323247
-0.02574905476399923, 60.01941503804134, 0.17328603068521525
-0.02575057832892644, 60.019415036749756, 0.16168790485463055
-0.025752102025806304, 60.0194150354581, 0.15008877544508079
-0.025753625854650145, 60.019415034166364, 0.1384886423707366
-0.025755149815469284, 60.019415032874534, 0.12688750554565514
-0.025756673908275074, 60.019415031582646, 0.11528536488400733
-0.02575819813307887, 60.019415030290695, 0.10368222029973681
-0.025759722489892004, 60.01941502899865, 0.09207807170644643
-0.025761246978725776, 60.01941502770653, 0.08047291901864823
-0.025762771599591564, 60.01941502641433, 0.0688667621500589
-0.025764296352500684, 60.019415025122086, 0.05725960101519069
-0.025765821237464504, 60.019415023829744, 0.045651435527305835
-0.025767346254494353, 60.019415022537316, 0.034042265600348565
-0.025768871403601557, 60.01941502124483, 0.022432091149172335
-0.025770396684797477, 60.01941501995228, 0.01082091208715331
-0.025771918138358416, 60.019417617798865, 0.0007273507040834378

